Population,Working_Population,School_Attendance,Alcohol,Income_Deprived,Employment_Deprived,Illness,Mortality,Drugs,Depress,lowBW,HospEmer,NoQuals,Crime,No_heating,Glasgow
634,424,88,31,7,5,80,205,0,21,14,98,100,142,8,1
905,608,76,339,38,27,195,138,254,24,11,147,202,487,3,1
872,562,70,158,26,24,190,121,0,24,10,132,205,368,1,1
884,586,82,54,11,8,110,98,31,19,0,87,147,57,3,1
928,650,70,120,30,20,200,161,84,23,13,128,219,410,1,1
779,538,91,7,2,3,30,33,0,12,8,60,71,77,1,1
699,444,69,173,37,25,235,155,225,21,6,132,197,315,1,1
1040,639,80,340,18,11,130,157,53,20,7,140,159,164,2,1
520,392,84,245,13,9,170,67,0,17,5,101,118,231,4,1
541,335,75,147,35,31,280,266,114,26,0,147,212,666,1,1
668,457,77,206,28,22,245,206,144,20,4,136,179,375,1,1
992,645,85,38,5,4,25,282,25,15,2,92,90,384,2,1
676,487,83,47,12,6,85,120,0,17,25,102,116,89,0,1
874,636,80,34,14,7,105,126,0,16,7,95,104,69,0,1
687,465,87,14,6,5,45,56,78,21,3,87,113,190,5,1
701,480,81,25,4,3,25,17,0,8,2,82,107,229,0,1
603,371,92,11,4,2,20,46,0,9,4,104,101,66,2,1
748,475,75,274,38,29,265,176,124,32,6,181,255,1526,1,1
669,412,66,533,35,30,190,68,326,22,9,122,256,719,1,1
542,380,71,276,26,24,170,170,261,20,6,136,203,795,10,1
832,464,72,254,33,25,225,141,175,27,3,165,227,385,1,1
572,344,61,421,43,28,255,153,247,23,0,154,230,1033,2,1
683,470,54,303,50,40,415,106,256,26,7,185,276,821,0,1
566,339,73,231,33,23,210,129,341,25,8,135,245,690,1,1
697,477,75,131,6,8,40,92,149,17,7,134,153,704,0,1
706,486,73,295,31,27,240,192,267,25,2,140,251,653,1,1
727,482,66,250,38,25,225,138,279,28,10,144,235,207,1,1
796,534,71,158,29,24,230,162,114,26,14,141,228,428,1,1
940,595,69,402,40,32,215,246,743,29,5,187,220,543,3,1
825,503,61,185,36,30,255,139,568,29,3,164,230,643,1,1
838,540,77,87,18,15,175,117,245,21,4,112,189,131,3,1
858,542,72,264,22,20,185,161,73,24,4,134,186,595,2,1
643,413,85,109,19,16,165,106,143,21,0,118,191,202,2,1
833,520,74,193,32,26,200,130,146,22,18,141,208,649,1,1
1022,739,88,14,3,2,25,78,0,13,2,110,83,118,1,1
907,594,86,119,10,8,95,72,63,16,4,87,93,55,1,1
533,378,92,176,2,3,30,49,211,15,6,77,69,94,0,1
817,582,92,35,4,4,60,23,35,14,0,61,65,74,0,1
782,493,87,37,5,4,70,66,38,15,9,80,103,38,2,1
772,531,84,38,8,6,85,86,0,15,0,78,90,311,1,1
705,507,87,34,4,4,60,81,40,11,13,70,75,NA,0,1
823,527,65,250,35,28,235,150,288,26,0,177,222,499,0,1
1057,715,79,228,22,18,185,144,216,21,6,139,164,227,2,1
883,547,72,178,23,21,190,115,291,22,4,135,207,193,1,1
1015,686,74,119,23,19,170,136,182,22,9,122,167,355,0,1
736,434,69,342,33,25,225,118,122,27,21,153,194,599,3,1
521,395,93,118,22,26,275,119,79,11,4,108,142,827,0,1
938,602,69,102,25,22,180,128,199,20,3,132,193,545,1,1
804,437,84,360,21,20,160,144,161,29,15,125,130,884,3,1
925,581,80,169,16,11,125,117,58,19,5,121,157,238,3,1
603,402,79,199,15,11,95,149,35,20,15,104,177,399,6,1
687,455,84,153,17,14,145,80,40,19,5,106,127,277,5,1
892,560,81,261,27,24,170,117,418,22,8,133,177,438,2,1
1045,668,71,298,26,23,210,108,196,27,5,141,183,220,3,1
734,433,80,191,21,21,190,106,379,26,8,125,149,368,1,1
837,482,74,266,41,27,195,88,305,23,8,131,207,311,3,1
834,533,83,139,12,11,125,54,221,20,4,114,116,444,3,1
678,458,84,222,19,17,150,83,155,21,6,105,127,251,2,1
699,484,83,250,8,7,90,75,75,18,3,88,116,272,4,1
686,419,83,189,19,19,145,80,299,21,13,127,143,321,2,1
891,505,75,39,6,7,75,75,46,19,0,76,81,191,1,1
683,374,87,256,15,13,135,124,52,20,4,112,99,381,2,1
978,629,85,254,16,14,145,140,95,19,0,117,96,492,2,1
647,399,82,31,12,11,100,62,47,18,5,90,92,294,2,1
489,298,81,34,15,9,100,112,56,15,0,89,115,143,3,1
713,430,75,252,24,21,175,187,363,24,8,136,202,239,1,1
957,571,79,92,19,15,165,102,29,16,4,120,183,220,1,1
1044,694,78,160,23,20,200,144,352,22,5,111,186,249,2,1
589,365,72,120,29,20,185,144,51,22,0,163,196,238,1,1
831,515,69,284,25,20,180,152,108,23,13,150,194,193,2,1
745,458,73,209,34,30,240,177,161,29,0,149,204,350,4,1
938,622,74,384,23,21,165,107,154,24,11,123,131,491,2,1
746,500,78,86,17,14,140,119,208,20,11,94,148,175,3,1
761,521,74,72,14,9,85,67,73,20,12,111,133,237,1,1
1006,641,78,158,16,10,120,108,60,19,4,114,101,259,2,1
506,337,83,161,12,14,145,523,406,21,0,114,129,1366,3,1
791,555,75,216,24,20,200,121,146,21,4,116,186,418,1,1
576,362,73,272,28,22,200,188,151,24,0,165,252,452,2,1
924,607,85,89,13,14,160,136,0,22,8,128,158,152,2,1
692,420,83,361,29,22,205,133,0,31,13,177,203,304,4,1
884,584,73,279,27,25,200,136,347,24,10,167,169,510,2,1
995,753,73,795,27,26,215,171,163,26,6,174,182,1007,4,1
920,557,76,167,24,24,210,139,705,28,3,130,196,229,1,1
879,594,78,472,28,24,180,171,159,23,3,145,143,490,4,1
688,511,69,450,35,31,245,206,304,23,2,143,186,917,3,1
731,496,67,670,41,37,305,207,1034,28,7,239,216,2028,1,1
843,603,68,543,40,35,275,124,505,26,6,261,218,1556,2,1
891,684,77,466,23,23,135,223,459,17,10,161,187,1428,5,1
1083,750,76,196,23,21,180,182,189,25,3,148,188,351,3,1
701,493,73,501,29,27,225,102,250,20,8,148,194,657,2,1
863,553,67,195,24,22,205,131,442,26,0,142,206,429,2,1
737,444,78,191,25,23,180,129,0,25,11,117,161,217,3,1
872,558,82,112,21,18,165,132,88,22,7,126,163,230,5,1
874,568,69,272,27,24,185,126,278,25,13,143,161,458,3,1
560,340,78,100,16,13,145,101,0,22,0,123,135,1109,1,1
830,521,78,171,15,15,160,142,111,22,9,111,147,133,1,1
871,567,86,222,22,19,180,185,31,23,10,125,184,92,1,1
571,397,86,80,14,14,135,100,149,21,13,100,86,70,1,1
631,400,87,161,17,12,135,74,107,16,10,99,141,365,2,1
881,555,82,129,16,13,160,98,35,20,5,106,119,193,1,1
769,508,79,91,16,11,135,98,39,19,11,115,118,195,1,1
1200,796,68,289,34,27,200,157,434,22,10,151,233,951,5,1
1023,654,68,295,36,32,260,187,312,28,5,175,221,724,5,1
1137,791,66,354,32,29,215,146,492,26,3,139,203,1004,5,1
1092,768,78,488,32,27,210,186,536,27,9,179,204,890,5,1
835,634,73,223,25,21,175,90,439,20,10,136,180,996,6,1
598,457,78,71,26,19,180,116,34,18,3,91,139,419,4,1
575,438,83,418,17,16,135,67,252,19,3,124,137,523,6,1
898,644,85,148,15,14,150,130,54,19,4,104,125,268,2,1
1072,861,82,95,15,10,140,156,100,18,0,114,76,551,3,1
723,547,81,104,15,8,115,244,82,15,12,97,94,471,9,1
528,435,80,44,14,10,100,98,28,11,9,100,102,493,9,1
631,463,73,203,20,14,135,129,198,16,4,158,156,1000,9,1
940,616,78,217,27,24,180,97,215,22,13,109,130,586,8,1
711,529,81,71,18,13,125,79,82,17,9,98,119,380,7,1
919,606,87,272,18,14,125,121,144,17,7,137,99,730,3,1
1040,670,78,196,19,19,135,78,114,19,16,106,100,366,3,1
815,523,77,210,32,18,185,105,231,14,7,149,204,393,0,1
545,354,71,137,32,21,135,135,301,14,11,110,160,919,10,1
960,626,84,35,7,6,80,69,0,13,6,66,53,125,1,1
717,487,77,123,24,14,155,63,119,16,11,130,194,475,4,1
888,575,88,10,5,3,40,87,36,11,7,58,51,102,1,1
826,535,76,45,13,5,90,101,0,11,7,103,104,73,3,1
509,374,65,0,20,10,110,129,0,13,10,120,211,492,4,1
1215,977,78,80,15,7,80,109,0,11,3,80,75,453,3,1
831,567,75,40,15,8,95,54,0,12,10,93,166,289,6,1
732,534,63,77,20,12,130,83,25,15,9,116,147,438,2,1
891,586,76,26,16,9,120,189,0,12,9,119,140,157,1,1
771,509,80,111,25,13,140,63,190,14,7,115,140,208,5,1
880,615,61,91,29,25,200,180,253,19,14,128,172,979,5,1
609,398,56,91,26,20,135,101,36,19,11,131,196,1118,10,1
785,550,61,191,24,16,145,132,73,14,7,116,146,1289,5,1
584,388,73,152,26,22,170,93,110,22,10,144,186,857,4,1
806,557,80,197,18,14,130,119,78,17,6,121,136,683,7,1
791,594,70,292,33,29,225,141,484,24,8,179,189,684,5,1
676,495,60,88,27,19,160,127,166,17,6,130,121,1407,7,1
860,573,70,202,29,27,220,128,210,23,9,112,187,745,4,1
762,550,60,331,31,30,245,161,144,27,12,140,173,670,6,1
1020,676,71,360,31,23,185,130,882,23,8,148,205,403,4,1
860,582,79,240,20,17,165,113,137,22,11,125,130,734,5,1
658,398,69,301,36,23,230,175,217,20,11,147,190,533,1,1
775,603,77,195,13,14,145,76,69,20,10,103,66,349,7,1
836,686,89,72,9,8,80,59,63,17,4,59,42,288,4,1
883,697,89,57,8,4,60,78,38,13,8,75,40,352,3,1
877,525,81,271,25,20,175,105,143,24,0,128,137,228,3,1
859,608,85,304,15,12,125,68,355,16,7,123,95,420,3,1
803,591,86,89,15,6,110,96,25,17,3,100,69,910,4,1
801,594,60,134,17,11,90,41,112,14,11,123,89,988,6,1
698,543,63,108,17,12,80,50,105,13,2,97,108,689,6,1
804,683,60,192,21,21,150,101,151,17,10,116,103,1258,11,1
1055,792,86,90,10,9,85,90,73,15,5,84,67,702,5,1
886,745,78,88,11,13,100,102,56,14,4,75,72,803,6,1
530,424,70,206,10,10,90,43,64,13,4,83,64,472,5,1
1051,666,93,124,8,6,85,152,48,15,3,104,44,181,4,1
937,565,84,5,8,5,80,137,65,15,5,87,47,278,1,1
731,504,79,66,6,3,60,56,0,11,5,95,84,315,0,1
956,611,84,47,7,4,50,71,0,14,3,67,63,524,1,1
843,582,79,16,8,4,60,59,0,15,9,78,56,368,2,1
969,614,83,21,10,8,95,97,30,14,10,113,105,155,0,1
715,488,88,26,5,3,55,90,0,12,7,99,48,168,2,1
708,459,90,33,5,4,60,74,0,14,0,76,50,198,1,1
1086,735,81,107,16,11,110,89,40,16,2,88,99,563,5,1
850,703,81,52,7,5,70,109,20,14,5,82,49,212,3,1
618,527,82,116,9,8,80,113,49,15,6,78,50,713,6,1
1087,891,77,88,7,6,65,54,0,13,5,66,41,221,3,1
845,650,94,150,9,8,85,115,22,18,0,78,72,213,10,1
1052,842,83,72,13,10,110,109,66,16,4,83,72,447,4,1
715,618,72,56,8,9,100,153,66,17,8,67,45,322,8,1
736,548,86,52,13,8,75,71,25,12,2,76,83,340,5,1
561,390,84,72,12,11,110,104,119,18,3,99,81,286,2,1
912,675,97,79,3,3,50,118,0,13,2,64,26,55,2,1
533,346,93,28,6,4,70,27,0,14,3,60,38,207,4,1
859,687,89,128,10,7,80,134,20,12,2,65,49,268,4,1
807,693,86,35,5,4,45,61,0,10,4,67,25,149,3,1
612,492,87,173,11,7,100,79,0,16,7,77,55,278,4,1
955,693,82,309,27,23,160,135,126,22,7,118,121,210,5,1
925,617,93,67,9,5,80,66,0,14,6,67,69,238,3,1
680,420,72,273,37,38,240,132,232,32,4,147,159,810,4,1
637,472,88,283,26,23,200,164,73,24,4,116,128,204,5,1
300,154,69,71,10,5,95,102,0,20,18,136,161,1035,8,1
776,435,77,216,28,26,190,123,0,27,9,147,165,284,4,1
553,415,70,539,39,43,230,194,886,25,11,127,283,1630,5,1
829,519,74,381,36,34,255,172,752,29,10,144,228,966,1,1
1015,698,79,27,13,8,85,125,0,15,6,101,142,69,0,1
959,637,72,214,32,28,195,145,276,27,9,131,236,616,2,1
922,582,74,258,32,27,215,199,167,29,9,183,230,608,2,1
771,485,83,99,19,15,150,103,0,21,7,119,132,260,4,1
947,601,74,129,31,21,190,121,142,25,4,109,158,254,3,1
817,520,79,115,18,14,145,143,105,22,5,108,149,270,3,1
588,370,78,50,21,15,155,65,0,20,7,86,131,170,5,1
813,514,82,316,34,28,190,144,105,24,14,115,162,357,8,1
863,530,85,141,17,12,100,87,33,20,8,96,124,325,2,1
721,460,97,33,2,2,40,92,43,12,0,69,42,139,0,1
734,472,91,25,2,2,25,53,0,9,0,56,45,246,2,1
735,445,93,60,5,5,80,83,40,14,0,79,37,204,1,1
905,586,88,38,7,5,65,44,65,14,0,65,62,177,1,1
658,440,88,14,18,10,115,78,0,17,7,98,75,457,1,1
1047,651,87,137,13,11,115,125,57,19,4,110,83,421,4,1
730,467,84,63,16,12,115,119,38,20,10,100,93,343,3,1
751,492,98,36,2,3,40,70,0,10,14,74,28,253,1,1
900,606,88,77,4,5,65,69,29,13,2,75,37,200,2,1
688,407,96,36,6,4,45,45,0,12,10,69,44,58,1,1
909,526,96,80,6,4,75,67,0,16,11,79,61,55,0,1
661,409,88,212,10,8,95,96,48,17,4,96,93,167,1,1
980,713,88,127,12,12,95,93,91,17,2,75,84,296,6,1
765,495,97,30,4,5,60,77,0,14,10,70,57,39,0,1
841,582,95,72,7,6,75,93,58,11,8,87,52,107,2,1
706,455,90,75,6,7,95,81,94,14,0,101,79,71,1,1
755,482,93,18,4,6,65,74,0,16,0,65,91,NA,0,1
804,511,95,38,4,4,55,60,41,15,0,62,34,100,1,1
602,404,91,31,7,9,95,77,52,15,6,88,108,299,0,1
885,535,95,32,5,5,65,79,0,11,6,67,63,181,0,1
977,606,60,157,40,28,220,82,432,23,10,115,197,441,1,1
1084,728,68,197,32,26,255,162,153,25,11,139,211,425,0,1
856,505,75,343,22,13,155,112,241,18,8,136,121,737,1,1
726,519,84,135,16,12,130,92,0,16,0,107,170,179,0,1
632,392,74,416,33,26,210,145,238,23,6,157,242,460,1,1
801,508,68,549,46,41,325,174,463,30,10,228,244,725,2,1
485,321,71,403,39,32,300,950,56,27,7,197,242,454,1,1
904,611,68,485,43,39,295,170,619,29,3,185,248,753,2,1
1020,698,69,216,37,29,280,160,293,25,6,158,237,668,1,1
534,302,63,371,33,36,185,60,278,28,8,137,249,375,1,1
648,404,66,584,36,30,265,259,157,34,11,183,238,1221,1,1
669,427,78,494,33,28,255,163,328,26,8,177,245,569,1,1
1014,700,78,432,26,22,210,222,260,21,5,143,191,444,1,1
669,465,62,568,39,29,265,212,213,19,5,140,259,689,1,1
751,509,79,153,24,15,150,160,193,20,2,129,191,533,0,1
624,403,71,348,38,34,280,137,588,22,6,153,233,770,0,1
516,330,60,521,42,32,250,188,390,29,12,172,219,311,0,1
843,521,81,295,32,23,205,157,111,26,0,166,193,214,0,1
486,298,76,187,31,28,225,127,65,26,0,118,220,124,0,1
774,528,70,251,18,18,150,85,410,21,10,113,149,401,2,1
684,482,81,38,15,11,105,100,0,17,7,81,119,161,2,1
791,547,74,21,16,13,120,158,101,16,11,94,119,228,4,1
708,448,84,115,30,27,220,173,138,26,11,144,224,467,0,1
867,584,80,74,12,8,90,83,28,15,9,76,112,127,1,1
677,447,79,40,13,8,95,61,76,16,2,82,108,163,2,1
614,430,78,59,12,9,100,71,83,17,3,74,110,310,2,1
773,526,83,130,17,11,130,113,0,18,0,128,133,233,3,1
579,416,78,86,14,10,110,77,0,14,0,79,120,277,2,1
623,372,87,54,10,11,120,108,52,15,0,99,82,386,1,1
736,483,88,20,5,4,70,89,81,14,8,73,92,163,3,1
582,414,75,52,13,9,110,138,85,16,0,95,111,361,2,1
833,541,77,20,18,12,130,75,0,19,10,94,110,421,1,1
767,514,79,119,11,8,95,104,0,17,8,107,118,483,2,1
698,460,91,40,9,7,70,54,42,20,4,84,95,359,1,1
721,461,90,26,6,5,70,90,46,13,3,78,61,111,1,1
740,576,75,235,21,18,165,117,135,21,10,129,114,420,7,1
1034,778,82,158,16,13,120,100,20,19,2,89,79,271,7,1
939,642,94,90,7,6,70,81,0,15,0,81,51,64,3,1
698,473,79,116,12,13,115,107,0,25,11,103,77,143,3,1
606,515,96,511,18,18,155,117,130,17,3,108,82,479,10,1
1051,664,91,89,6,6,70,83,28,15,5,78,51,172,2,1
728,508,81,236,23,16,160,123,57,26,4,107,107,165,5,1
871,547,82,18,10,10,105,81,39,17,6,81,105,195,1,1
871,660,73,299,16,12,115,107,74,18,5,108,78,494,7,1
1052,765,88,133,14,12,110,107,82,16,5,98,90,276,6,1
814,658,85,131,8,8,85,168,21,14,3,76,66,381,4,1
681,429,80,134,20,17,170,100,151,23,13,131,149,250,2,1
714,449,73,251,31,25,210,117,688,26,3,140,206,337,3,1
1167,754,86,244,20,17,175,133,131,22,9,126,196,584,3,1
655,411,62,193,37,32,225,170,221,28,13,137,216,917,3,1
709,431,81,166,20,13,165,111,134,21,15,117,181,452,1,1
424,299,77,262,30,25,210,241,234,28,5,137,221,1606,0,1
1242,863,59,182,25,18,195,89,79,18,5,119,205,363,4,1
631,381,67,501,28,26,165,180,586,27,3,193,227,413,4,1
800,567,80,396,22,18,185,187,358,26,7,167,175,563,4,1
551,398,75,229,35,35,280,160,254,27,5,166,201,1218,7,1
938,721,70,284,31,26,245,132,226,19,4,143,172,822,5,1
954,702,80,274,14,10,110,117,64,15,6,117,150,294,2,1
644,419,76,308,37,29,250,125,360,25,14,187,179,327,1,1
670,395,72,282,52,44,305,160,499,25,0,140,189,448,4,1
838,641,80,35,17,12,150,93,68,12,2,87,79,155,1,1
760,687,88,205,14,15,125,89,250,9,6,90,78,1357,5,1
783,724,62,646,27,26,325,286,706,10,4,197,144,2533,3,1
1022,738,77,441,28,30,240,151,550,25,3,166,167,980,5,1
943,674,69,237,37,24,270,143,384,23,6,162,178,658,5,1
619,448,67,392,11,12,80,175,416,16,9,103,221,1343,20,1
853,813,67,81,4,2,25,61,75,6,8,60,49,211,4,1
653,394,60,405,32,26,230,132,488,29,8,162,222,905,1,1
1016,744,75,247,25,19,200,161,236,23,12,147,204,1498,5,1
1047,962,68,25,10,9,125,74,45,7,7,57,48,918,4,1
835,690,79,205,16,15,150,198,170,15,0,122,111,1427,10,1
737,633,61,377,19,17,180,160,151,15,17,154,108,1264,5,1
1253,1034,78,149,12,11,110,173,67,14,9,118,123,655,5,1
751,547,69,373,33,29,240,169,229,25,14,169,208,773,8,1
1229,828,74,197,26,21,200,140,77,24,1,155,164,367,6,1
571,313,80,347,39,29,225,141,318,27,7,184,245,421,1,1
817,568,69,173,39,30,280,179,159,33,5,217,215,490,2,1
828,533,68,418,40,38,270,138,291,28,7,163,251,327,2,1
925,593,68,447,41,34,285,143,183,28,6,196,221,336,4,1
866,551,74,493,38,31,235,191,576,21,8,193,281,520,1,1
1007,702,68,505,55,43,340,158,269,23,5,207,257,637,2,1
758,494,65,210,30,32,240,151,419,25,3,158,249,1017,2,1
708,494,70,445,30,31,225,183,314,21,8,184,235,3098,6,1
931,644,76,186,31,18,200,175,231,21,3,141,213,473,4,1
582,366,73,172,38,35,295,157,354,25,12,193,305,1549,0,1
1200,829,63,1703,37,39,280,261,412,26,9,324,215,1327,5,1
453,326,60,159,30,24,210,246,532,25,4,229,264,553,1,1
435,302,75,233,26,17,175,141,111,17,6,133,198,414,4,1
797,582,70,266,28,24,235,169,425,22,11,151,252,415,1,1
582,442,64,164,18,16,145,116,35,19,3,114,157,465,8,1
922,682,78,339,27,23,200,136,78,24,11,129,207,521,4,1
550,387,78,78,15,15,165,87,0,20,3,123,138,164,1,1
763,476,75,292,25,20,190,147,75,25,0,157,183,617,4,1
973,676,66,288,33,30,255,239,140,30,10,187,210,1029,3,1
512,339,83,286,20,20,150,76,160,22,0,128,170,293,3,1
876,587,71,190,29,26,220,184,239,24,11,139,224,286,2,1
750,496,67,248,35,27,255,165,246,26,8,160,245,280,7,1
606,383,62,307,40,32,310,255,423,25,6,197,297,909,2,1
895,627,69,84,22,13,180,86,0,16,2,125,175,470,1,1
875,633,81,131,9,9,115,70,208,18,6,106,122,298,2,1
654,495,91,47,6,7,100,87,0,19,0,116,118,61,3,1
795,522,84,92,16,15,170,94,36,22,13,147,133,353,3,1
803,536,82,95,13,14,160,118,0,22,5,116,160,162,1,1
754,452,88,96,10,9,120,103,0,20,0,103,102,186,1,1
738,429,81,55,11,8,120,155,0,19,0,104,95,136,2,1
621,343,91,101,22,18,190,120,56,22,5,117,198,NA,3,1
658,434,68,194,18,18,170,100,0,21,0,161,174,91,3,1
656,420,79,76,24,21,225,140,232,24,7,141,209,366,2,1
632,429,79,15,5,7,90,89,0,16,0,113,103,95,1,1
869,558,90,30,3,4,70,75,0,15,0,92,70,104,0,1
661,382,87,20,5,6,80,56,0,15,5,87,90,106,1,1
691,406,86,134,6,6,95,59,0,15,0,89,105,116,1,1
810,532,83,52,10,9,105,55,69,18,10,93,97,223,1,1
730,449,82,231,24,19,190,131,125,24,7,128,181,233,3,1
835,527,73,106,24,19,215,140,0,29,3,127,179,216,3,1
739,470,91,41,8,7,85,73,43,18,5,91,103,108,1,1
909,566,71,226,29,26,230,139,0,30,11,165,220,253,2,1
539,295,92,53,8,6,105,86,0,20,17,87,85,NA,1,1
1203,849,90,10,4,3,50,83,0,9,1,79,84,92,1,1
675,456,79,84,24,20,215,104,286,25,8,154,167,638,5,1
1068,728,81,107,10,8,130,148,102,21,8,136,103,131,2,1
943,671,85,85,7,6,80,107,0,14,2,107,118,202,1,1
961,560,72,292,30,23,220,148,137,28,7,182,195,219,2,1
836,565,85,74,14,11,130,115,33,19,4,126,126,192,3,1
678,410,92,65,10,11,115,76,0,21,5,98,97,89,2,1
647,416,88,40,4,4,70,89,47,21,6,91,90,77,2,1
706,492,84,111,5,6,95,74,0,16,4,83,84,71,4,1
730,477,87,32,9,9,105,70,0,17,12,92,103,384,1,1
730,478,88,25,4,7,75,86,87,16,0,84,106,137,0,1
694,442,89,53,6,5,70,63,0,14,0,84,86,188,0,1
823,505,88,33,11,9,135,103,0,22,0,113,123,122,1,1
739,464,77,31,9,7,105,99,0,23,5,122,134,68,0,1
886,689,87,20,5,4,70,47,0,15,7,82,94,102,0,1
1010,749,84,29,5,5,65,32,0,14,5,90,104,159,0,1
880,664,89,18,7,5,70,69,27,14,5,122,101,205,1,1
447,329,69,166,18,15,125,142,292,22,0,209,258,583,2,1
301,196,76,161,21,18,165,158,0,24,0,138,268,499,5,1
807,562,67,213,33,22,185,138,281,24,2,179,213,261,8,1
730,495,76,162,25,25,225,158,79,27,4,175,232,220,11,1
819,595,78,116,24,19,180,172,121,21,9,199,199,391,6,1
780,478,69,265,36,30,225,121,206,29,16,159,258,372,3,1
787,514,70,274,45,38,340,224,375,30,2,216,263,496,4,1
936,648,70,220,37,30,290,164,183,28,13,211,259,503,0,1
624,410,69,88,31,25,220,166,188,28,11,198,247,401,0,1
814,539,63,322,37,29,270,159,339,31,10,238,271,529,2,1
607,439,84,50,18,11,150,89,0,21,4,116,190,82,1,1
1130,788,82,66,16,11,140,130,20,12,4,108,153,230,3,1
1028,726,87,32,8,5,85,62,25,13,4,99,101,682,3,1
697,437,59,297,49,35,320,157,137,24,3,228,303,905,6,1
547,387,71,297,21,15,155,171,202,22,0,183,242,787,1,1
1044,696,64,173,42,30,285,182,137,27,4,175,285,489,2,1
633,438,60,189,46,36,315,195,138,27,10,208,275,459,0,1
474,341,61,353,48,42,295,241,297,32,8,220,278,2197,3,1
718,453,72,159,32,22,230,211,0,21,5,170,234,349,2,1
611,445,76,258,16,11,115,131,0,18,14,118,153,164,2,1
513,343,75,173,27,20,210,141,98,20,4,169,219,215,2,1
696,490,77,70,26,19,185,113,38,26,0,156,192,331,0,1
627,391,75,172,20,22,190,118,51,26,0,170,199,96,1,1
501,329,59,545,39,28,245,121,109,25,6,172,256,700,0,1
750,509,62,448,42,31,285,719,388,26,10,223,259,895,3,1
415,250,61,128,29,25,215,221,0,24,0,182,223,1231,0,1
955,579,87,23,8,8,110,156,0,22,0,106,113,231,1,1
967,564,72,153,32,26,225,143,202,26,14,146,226,507,1,1
737,450,64,229,34,29,245,141,300,30,17,183,212,707,3,1
1019,629,72,260,25,23,215,125,149,22,6,156,202,305,2,1
757,438,74,124,27,22,200,126,89,26,4,161,222,251,2,1
830,553,85,129,16,15,155,125,216,21,10,122,153,519,3,1
950,539,86,160,32,23,195,90,65,27,9,143,158,358,2,1
901,629,75,845,46,52,330,163,172,31,13,223,190,889,3,1
986,620,75,252,27,23,195,102,56,26,6,155,198,813,3,1
785,581,81,186,18,14,150,89,239,18,4,136,142,1250,4,1
878,575,70,552,41,31,255,166,63,25,5,223,233,844,2,1
653,456,72,195,32,27,270,112,239,25,10,165,194,859,5,1
722,426,81,149,22,20,195,127,46,25,0,149,197,111,0,1
742,513,67,280,31,26,230,142,213,20,11,154,170,553,6,1
782,535,73,346,21,19,175,135,135,19,7,148,163,551,4,1
738,557,76,155,33,27,245,206,152,25,10,200,227,828,5,1
962,674,67,310,34,32,270,211,135,25,2,179,257,552,1,1
751,475,64,206,57,45,475,181,253,25,8,182,278,907,4,1
902,591,77,76,5,3,25,398,28,19,3,160,179,477,3,1
596,337,75,119,43,36,275,143,0,30,7,166,225,471,4,1
586,312,69,145,31,29,220,111,59,29,4,163,202,667,1,1
840,487,82,109,20,17,150,117,38,20,7,119,185,429,1,1
925,543,73,272,24,25,190,129,72,30,0,150,192,455,2,1
932,519,79,88,29,29,210,126,84,31,3,165,197,333,3,1
722,398,86,88,23,21,170,93,53,26,7,146,167,402,0,1
531,327,73,279,29,21,175,69,0,28,6,152,203,585,2,1
578,361,76,210,34,26,220,148,168,31,3,159,245,589,2,1
891,544,80,83,26,20,185,109,70,25,4,143,182,551,3,1
709,398,87,149,25,24,205,92,183,26,11,131,177,452,2,1
574,435,68,252,42,34,285,207,168,22,0,139,221,907,4,1
633,449,84,99,21,20,195,206,410,18,8,145,197,791,2,1
884,497,73,319,35,35,140,35,259,26,13,165,255,929,4,1
551,364,68,188,44,32,300,169,154,29,9,180,228,491,2,1
812,471,72,118,29,23,200,203,369,30,7,176,226,469,1,1
618,389,73,236,38,30,300,153,97,25,4,182,239,438,1,1
828,523,81,178,22,20,200,112,153,26,13,149,219,109,4,1
811,442,74,371,32,30,200,122,125,31,4,172,225,333,10,1
508,328,81,155,25,19,200,125,101,23,0,119,192,394,7,1
892,561,71,188,24,22,195,139,315,20,6,175,229,640,8,1
491,320,69,103,31,25,210,126,55,26,3,161,239,510,6,1
1062,674,67,243,44,35,265,156,143,24,6,206,285,943,3,1
700,419,80,187,30,28,195,127,219,25,0,182,192,215,4,1
763,453,76,188,20,17,155,112,87,20,0,122,161,158,1,1
1262,1027,73,111,8,7,130,113,282,10,5,155,256,484,4,1
522,323,75,113,27,21,150,99,0,19,10,137,184,537,4,1
743,454,84,115,21,16,180,105,90,21,0,147,181,512,0,1
746,474,73,263,38,33,220,153,122,24,0,155,275,577,0,1
1062,650,67,229,37,28,245,189,91,19,19,180,264,330,2,1
816,538,65,214,44,33,330,151,107,25,5,205,287,147,1,1
716,454,81,64,5,6,35,145,35,14,8,93,215,448,0,1
596,364,66,154,38,33,265,120,315,30,4,176,236,286,1,1
670,465,93,51,8,8,90,63,40,17,13,126,136,105,4,1
479,292,76,264,28,29,215,134,139,27,12,156,208,272,2,1
608,391,76,137,26,21,180,69,0,27,10,117,247,478,0,1
579,362,72,294,33,27,220,149,0,24,13,175,258,502,1,1
647,448,90,53,9,7,95,92,0,15,9,81,137,62,1,1
612,481,93,77,8,9,105,106,0,21,0,114,122,213,5,1
714,496,85,33,9,8,90,175,38,20,13,123,89,252,2,1
1062,758,88,15,9,6,85,67,0,12,8,82,90,132,0,1
871,645,94,24,6,4,85,55,26,8,0,73,83,80,0,1
734,517,79,49,7,7,80,76,34,13,0,76,109,109,1,1
824,579,89,84,7,5,55,54,28,11,4,86,119,97,0,1
754,482,84,59,6,6,85,108,39,22,0,91,99,305,2,1
640,392,84,102,22,22,180,106,106,26,8,126,183,63,1,1
513,331,82,77,19,20,195,116,61,25,0,146,205,NA,2,1
658,411,71,68,24,22,170,142,193,28,4,152,193,198,2,1
612,405,78,173,31,25,210,161,201,29,13,177,242,376,1,1
1014,626,75,159,35,30,265,217,150,30,3,189,257,1610,1,1
599,394,76,210,34,24,225,123,52,23,0,164,238,401,1,1
685,396,80,169,22,16,185,124,207,23,0,136,207,307,3,1
638,397,84,93,13,11,135,107,46,21,8,137,177,220,0,1
784,511,72,372,41,34,305,170,366,24,4,147,320,1060,3,1
744,533,86,69,10,7,75,53,0,17,7,116,140,215,2,1
805,526,66,168,35,28,225,106,189,27,2,163,282,498,2,1
671,466,67,236,29,26,230,237,79,25,7,179,213,925,3,1
852,563,69,205,18,14,130,151,293,22,6,175,267,364,5,1
946,682,73,290,25,19,195,183,169,23,8,145,160,603,7,1
985,647,72,240,27,25,165,181,387,27,14,146,199,2054,3,1
814,515,75,154,20,18,175,118,119,30,8,148,157,344,1,1
838,515,75,379,32,30,225,160,256,32,0,191,228,430,3,1
1013,656,75,229,36,33,215,194,132,27,5,174,241,1473,3,1
931,548,71,211,25,21,185,113,71,27,3,155,219,247,1,1
967,610,80,45,13,8,95,99,34,19,3,118,145,176,2,1
897,544,71,343,33,28,205,96,685,30,0,177,215,547,4,1
617,423,77,215,36,35,220,138,335,26,8,141,247,601,2,1
859,565,74,348,37,27,190,95,470,21,3,142,222,1061,4,1
1113,785,75,193,32,23,200,128,243,22,6,141,187,558,5,1
271,191,88,15,19,14,120,119,61,13,0,131,187,185,5,1
486,424,88,20,4,3,35,26,0,7,3,55,60,268,4,1
599,373,57,252,40,35,250,176,266,35,5,186,260,635,1,1
477,351,86,245,37,24,225,136,0,26,4,137,189,378,7,1
570,394,78,438,33,25,215,132,181,24,5,183,197,439,3,1
1037,650,64,254,45,36,280,210,164,25,8,156,260,1004,1,1
816,573,74,297,30,26,200,142,302,21,6,144,181,1006,6,1
498,310,85,204,25,14,80,183,39,15,4,125,202,422,6,1
822,474,73,406,40,34,225,174,178,29,10,166,245,731,0,1
1267,886,89,115,27,21,200,156,21,23,3,149,241,395,0,1
1017,686,81,390,40,33,240,117,467,20,5,163,220,847,5,1
987,628,82,253,33,26,220,164,109,24,3,160,225,781,1,1
999,712,88,214,30,23,215,171,280,21,10,182,207,772,1,1
670,408,82,153,29,26,230,139,38,24,4,161,254,284,6,1
1030,777,76,85,13,9,105,103,56,14,6,110,110,321,5,1
953,749,83,26,5,4,75,174,60,14,4,115,42,263,1,1
820,650,78,161,14,12,140,165,120,13,4,149,74,354,6,1
606,473,80,110,12,11,120,72,91,15,6,105,91,347,3,1
800,632,78,79,16,10,115,110,99,17,0,106,98,338,5,1
798,526,71,357,27,21,190,146,121,22,4,178,200,238,3,1
625,481,79,60,15,13,145,91,35,23,4,113,131,128,8,1
1101,792,68,240,17,12,150,129,93,21,6,140,127,428,6,1
755,605,74,197,30,25,245,182,130,24,8,147,188,398,8,1
1038,795,71,195,27,22,175,168,113,19,8,140,191,733,9,1
669,470,68,158,22,19,165,230,239,24,10,168,230,988,7,1
888,621,56,474,49,43,340,219,296,32,6,235,318,1410,2,1
854,596,66,113,31,24,205,155,153,19,0,140,250,622,5,1
694,473,85,80,21,14,165,125,42,24,5,127,168,563,6,1
886,721,84,61,10,7,85,115,0,11,11,89,75,283,3,1
690,572,83,93,10,8,105,78,78,15,6,92,110,377,10,1
709,596,75,45,11,6,80,95,0,13,7,89,68,268,5,1
710,586,74,67,5,4,50,111,25,8,8,79,44,268,2,1
625,479,82,170,16,13,135,188,32,14,13,119,82,449,4,1
648,424,65,261,38,29,260,207,233,27,15,184,192,572,3,1
1066,744,73,119,29,18,205,145,92,24,4,132,177,432,2,1
748,526,77,355,29,22,185,163,196,21,3,174,224,589,8,1
875,610,70,276,26,28,215,96,114,24,4,160,207,469,1,1
1053,971,60,358,8,7,80,112,465,14,6,150,137,980,7,1
1446,1397,89,23,1,1,15,44,0,3,0,34,26,256,10,1
1162,936,85,287,22,19,170,125,479,15,5,136,206,396,10,1
2122,1940,79,98,7,6,85,132,52,7,5,77,95,722,10,1
2387,2100,90,137,9,5,110,95,53,9,2,95,146,176,10,1
868,536,86,290,32,27,220,185,322,25,11,143,196,2123,10,1
690,640,65,79,4,4,55,48,23,8,0,64,54,1292,10,1
807,726,67,159,19,14,170,159,97,14,0,121,102,2606,8,1
981,941,100,52,1,1,15,47,0,5,18,48,18,1736,7,1
635,530,66,9,8,4,75,48,33,11,17,88,88,536,4,1
663,622,80,170,8,6,75,181,111,8,8,89,45,3459,3,1
762,660,86,138,13,10,115,135,26,16,4,101,79,394,10,1
524,465,76,159,11,9,100,310,0,10,0,93,110,401,10,1
1184,847,68,636,30,28,220,139,415,26,8,177,169,871,3,1
805,667,84,432,13,8,115,57,80,12,0,130,123,4317,4,1
1131,953,77,154,22,19,175,128,201,15,3,135,152,522,6,1
759,714,80,29,3,2,10,20,0,5,6,46,53,3813,5,1
661,606,67,245,0,1,0,17,97,6,4,122,62,13197,2,1
735,697,89,127,5,4,75,17,117,5,6,89,50,14580,5,1
1175,1022,69,20,1,2,25,72,0,7,0,55,51,170,4,1
707,476,77,45,22,16,155,134,40,24,10,133,181,326,3,1
575,406,82,174,31,17,165,179,111,20,6,131,155,279,6,1
657,537,84,240,13,12,125,251,216,17,0,145,118,396,5,1
890,763,79,56,13,10,115,55,0,11,7,78,49,293,8,1
884,769,85,72,6,3,50,78,19,10,7,57,44,238,10,1
944,785,88,173,20,19,185,137,77,21,8,124,110,350,6,1
611,529,82,18,12,6,90,126,29,14,9,87,114,1557,4,1
1734,1650,71,46,7,5,85,242,32,11,3,70,51,248,6,1
817,662,90,150,11,10,110,94,23,17,10,101,83,503,2,1
1561,1456,87,17,5,3,55,42,0,9,6,50,59,218,1,1
950,836,87,43,5,4,55,75,20,14,2,78,50,411,3,1
927,813,96,90,4,3,35,59,21,9,6,55,32,486,2,1
886,753,94,26,3,3,30,42,64,9,0,63,22,260,4,1
538,473,91,52,12,11,125,148,37,17,0,84,75,354,1,1
1051,888,93,162,11,7,115,160,0,12,3,108,91,438,3,1
929,810,87,12,6,3,45,112,20,11,5,55,53,323,5,1
895,739,83,35,12,7,115,87,24,13,10,91,86,291,2,1
637,554,85,19,7,3,70,92,0,11,0,71,102,440,4,1
1022,899,70,24,7,4,55,53,0,12,8,76,81,529,4,1
690,540,80,57,16,13,130,79,30,16,11,85,119,856,2,1
1053,777,85,128,21,20,170,144,235,21,16,121,150,504,10,1
885,603,84,296,29,22,190,125,54,23,7,127,103,487,3,1
533,341,78,149,33,24,245,113,53,23,8,152,201,376,5,1
1034,757,77,198,17,13,160,136,22,22,9,162,141,513,3,1
572,469,83,40,9,6,65,89,0,9,6,83,90,490,4,1
792,533,87,288,26,24,175,139,117,18,8,137,207,392,5,1
675,427,89,109,36,19,150,106,332,15,9,115,243,415,3,1
722,518,73,516,32,29,245,145,372,25,6,206,190,805,3,1
805,607,78,169,25,19,215,179,26,26,6,138,127,224,4,1
755,640,86,48,15,13,155,142,0,14,3,75,63,239,9,1
814,678,92,76,5,4,50,24,0,12,3,59,31,320,4,1
1012,827,85,36,7,6,65,74,38,12,0,88,44,257,4,1
317,196,75,108,22,17,165,119,0,24,0,116,266,NA,10,1
697,496,73,208,31,25,210,154,186,21,6,181,250,575,1,1
744,503,59,306,37,34,260,167,356,30,10,205,270,1535,2,1
833,546,72,344,42,38,320,180,217,32,3,215,262,685,4,1
620,429,76,635,37,36,275,199,407,27,8,201,255,565,6,1
1367,1056,74,265,25,21,210,114,107,20,5,153,170,637,2,1
891,627,80,38,21,14,160,141,55,17,6,109,157,382,0,1
562,422,73,158,30,28,265,147,82,23,4,154,179,481,0,1
902,747,81,151,10,7,85,123,24,15,3,121,30,555,2,1
1671,1483,75,127,11,8,130,127,67,13,2,79,171,318,0,1
740,599,71,73,16,13,135,110,0,15,10,98,110,474,2,1
713,580,80,194,24,19,175,145,102,19,0,97,125,646,2,1
884,639,86,142,20,16,145,220,49,27,4,111,119,1020,7,1
1049,839,84,19,4,4,50,84,19,13,0,65,30,124,4,1
619,408,73,629,55,50,395,221,790,42,10,317,297,971,2,1
787,478,74,239,30,28,220,156,84,29,4,166,231,407,5,1
933,500,64,194,29,26,210,119,83,29,12,146,224,225,1,1
1009,667,68,444,43,41,300,145,699,26,5,193,278,1390,0,1
937,616,76,156,25,20,190,294,194,18,14,169,230,470,1,1
1006,639,83,183,20,15,175,89,54,23,4,141,172,458,3,1
568,336,81,126,19,14,135,137,111,22,4,109,206,106,1,1
676,429,64,213,42,34,270,136,120,27,2,164,267,607,1,1
870,517,74,105,33,33,250,139,344,30,3,151,228,507,2,1
702,463,73,126,39,29,275,198,141,26,0,199,254,599,2,1
923,583,71,160,29,28,230,131,123,28,5,160,204,488,5,1
1045,669,78,133,24,18,175,123,188,20,2,141,203,470,1,1
836,482,69,136,31,24,215,141,42,29,0,159,237,311,2,1
685,475,61,374,38,38,250,118,810,27,8,167,284,746,3,1
619,385,62,96,29,27,240,126,0,32,6,139,229,453,2,1
753,447,55,158,43,33,265,190,282,26,10,168,283,479,2,1
677,400,74,130,24,20,170,137,253,26,10,147,209,429,2,1
734,464,83,76,31,23,200,162,78,23,0,131,203,532,2,1
592,379,91,68,15,12,135,118,0,23,0,102,147,68,4,1
629,468,88,35,6,6,100,52,0,15,24,89,127,207,10,1
884,667,91,74,8,7,90,106,0,14,0,101,110,227,7,1
684,480,55,261,41,37,275,163,176,30,6,184,226,644,1,1
810,564,95,37,5,6,75,81,33,7,0,96,63,111,1,1
1010,635,88,82,10,7,95,124,62,21,3,110,102,258,3,1
1012,653,72,245,28,20,195,126,136,19,3,134,184,445,5,1
1015,604,82,116,19,16,155,105,31,24,2,124,175,99,5,1
833,509,81,141,23,18,175,161,107,26,7,144,180,385,6,1
966,588,78,257,31,23,205,113,203,22,5,146,210,311,3,1
937,635,76,67,19,14,145,91,28,18,2,108,162,203,1,1
516,330,58,202,32,26,190,135,270,26,14,140,227,349,2,1
1022,661,78,406,38,36,270,165,373,27,12,187,240,686,3,1
774,532,76,392,27,22,180,126,105,21,11,156,191,349,4,1
848,595,73,143,27,24,220,156,250,23,4,159,200,354,6,1
697,522,72,37,20,15,150,166,33,17,9,117,134,560,3,1
596,426,75,390,37,34,240,144,530,24,9,161,206,1092,5,1
874,580,79,266,36,31,230,177,179,30,5,158,210,733,21,1
757,476,72,269,43,31,230,164,115,25,12,147,216,926,10,1
679,470,76,229,32,25,225,135,164,23,8,163,182,487,8,1
646,451,75,364,43,43,265,175,388,27,9,195,202,1473,10,1
806,625,69,247,46,46,285,138,334,31,6,162,204,1056,10,1
756,568,90,42,9,7,75,76,0,15,3,76,51,159,4,1
909,588,96,35,4,4,50,49,0,13,18,72,48,55,1,1
1005,678,95,18,3,3,45,81,0,12,6,79,34,169,2,1
1046,761,91,22,5,5,55,76,43,13,10,81,37,134,6,1
1546,1200,92,31,2,2,40,53,16,10,2,56,30,117,2,1
788,511,89,44,3,2,45,95,0,14,5,74,14,178,1,1
772,623,87,68,15,11,125,63,25,17,3,86,66,259,7,1
726,586,93,7,4,2,25,58,0,9,0,48,25,331,3,1
1112,869,90,47,4,4,50,48,19,11,0,53,14,171,4,1
545,380,96,9,2,4,30,80,0,10,0,69,20,74,3,1
813,648,96,25,4,4,60,93,47,11,3,73,47,111,3,1
925,729,97,16,1,2,25,75,0,12,6,39,22,65,3,1
489,435,77,70,5,4,70,87,42,10,7,68,43,819,7,1
709,646,85,91,6,5,65,108,156,13,13,59,13,438,8,1
940,793,94,89,7,4,40,83,67,11,9,66,67,437,10,1
764,687,91,146,6,6,65,51,143,10,0,65,25,249,2,1
1148,1026,71,279,10,7,80,108,189,13,9,103,52,672,3,1
921,722,81,154,6,6,75,82,69,14,0,80,35,163,4,1
645,601,96,60,5,5,55,197,53,8,0,79,74,497,10,1
845,725,93,54,8,6,80,110,21,17,7,68,55,320,5,1
677,562,79,87,22,20,180,159,33,20,0,104,122,311,10,1
1079,967,91,139,5,3,65,231,0,10,4,73,49,900,3,1
857,721,76,117,10,9,100,83,205,19,7,82,66,245,8,1
903,697,70,203,25,20,210,157,71,23,7,128,133,765,3,1
1011,852,72,163,12,10,130,152,110,18,5,103,89,535,4,1
963,741,74,116,22,19,195,164,22,25,0,131,124,520,2,1
1240,1115,88,37,3,4,50,82,13,10,4,57,43,202,7,1
1085,958,77,149,11,11,105,100,93,17,6,100,56,203,8,1
840,703,78,24,11,10,100,116,0,20,3,93,66,310,5,1
852,707,87,18,4,3,40,49,0,5,2,60,24,82,0,1
1005,813,89,102,8,6,90,73,0,17,4,91,67,249,6,1
816,582,86,156,34,32,220,114,202,30,0,148,133,344,6,1
1000,768,82,128,17,13,120,84,120,18,7,98,68,190,6,1
1014,773,87,97,14,12,125,104,84,20,8,112,79,326,5,1
535,432,97,66,7,5,75,66,84,11,0,102,36,131,2,1
1108,853,94,5,6,4,65,127,36,14,2,58,29,108,5,1
1096,906,92,18,2,2,25,86,0,10,5,55,11,101,2,1
1139,819,93,38,3,2,40,81,0,10,4,63,21,79,3,1
739,543,91,51,8,5,80,73,0,13,0,78,39,54,4,1
1022,774,91,18,4,2,25,56,21,11,5,62,16,88,3,1
1046,714,97,9,3,3,40,88,0,13,5,62,15,124,2,1
843,563,93,11,6,3,50,70,0,14,3,69,17,214,3,1
817,593,95,22,4,4,35,78,84,13,6,51,12,74,3,1
827,677,89,51,4,4,45,57,47,15,0,66,31,109,8,1
894,770,82,171,5,3,40,52,0,11,4,71,21,493,6,1
568,352,94,58,16,15,110,80,0,16,3,97,68,317,3,1
700,423,95,0,2,3,45,88,0,12,3,66,52,86,1,1
596,402,94,32,2,3,40,62,0,12,5,66,24,168,4,1
1128,671,96,9,2,2,30,52,0,7,5,55,27,151,1,1
885,639,93,52,4,7,60,230,0,9,3,90,30,543,5,1
751,425,96,73,3,4,60,65,0,14,0,75,29,307,2,1
1076,643,96,76,6,5,70,79,53,15,0,86,31,279,2,1
1030,701,87,177,24,22,175,145,76,25,5,132,125,311,6,1
704,442,99,21,2,3,50,44,0,12,3,83,26,100,1,1
583,393,98,0,3,3,55,58,49,11,5,60,36,69,1,1
1103,831,96,4,5,4,55,73,0,12,3,57,35,136,2,1
1006,697,95,86,3,3,35,61,50,12,13,74,16,110,3,1
705,420,95,7,5,5,70,75,0,11,0,72,26,71,1,1
851,536,96,51,4,5,50,80,69,12,3,69,28,188,2,1
1146,741,94,122,12,9,100,66,73,14,4,113,50,184,3,1
878,645,73,208,33,29,245,145,207,26,17,134,158,376,2,1
896,609,82,196,26,20,205,145,294,25,8,163,153,279,3,1
1049,748,72,252,33,27,235,78,176,25,10,147,161,563,6,1
711,531,79,114,23,23,170,131,123,20,7,150,117,634,5,1
1044,638,84,197,30,26,180,103,202,19,0,144,180,441,5,1
751,461,94,33,6,5,70,66,0,14,0,79,47,213,2,1
968,642,93,10,4,6,70,74,0,13,2,79,41,279,0,1
914,621,71,208,30,24,190,112,252,20,7,138,183,504,3,1
688,450,97,47,2,3,40,53,43,12,0,67,27,349,0,1
889,654,76,117,23,21,210,107,53,22,2,152,158,518,2,1
457,320,75,218,31,22,165,259,324,14,5,131,272,526,5,1
641,467,65,339,43,30,240,84,211,20,5,192,207,719,2,1
626,381,81,32,22,14,160,108,49,21,6,136,146,896,1,1
767,563,70,196,33,28,245,166,136,25,7,156,167,823,1,1
556,362,92,196,25,20,165,136,0,19,12,132,156,378,3,1
874,566,77,200,28,23,220,125,31,21,4,139,161,470,2,1
1054,786,73,152,26,16,170,183,41,18,10,121,148,247,1,1
623,435,82,271,39,28,370,156,43,26,0,135,178,788,3,1
856,711,89,36,10,9,85,105,0,14,2,104,87,433,2,1
761,580,60,137,24,17,160,195,169,20,8,148,148,355,2,1
575,350,70,92,15,11,150,104,52,19,9,111,169,348,2,1
670,407,69,132,21,19,215,109,95,24,5,150,185,314,1,1
941,486,80,96,18,20,90,154,38,29,8,127,194,298,1,1
825,541,85,56,14,11,120,102,82,17,10,105,132,291,2,1
1051,698,74,287,30,25,200,141,104,26,7,141,174,505,2,1
842,567,86,29,15,12,150,119,0,19,8,105,128,107,1,1
726,435,79,54,24,18,180,148,43,27,7,123,183,235,3,1
783,500,80,117,27,19,175,124,154,24,12,123,153,243,3,1
881,558,79,289,35,32,195,136,290,26,11,145,151,614,1,1
785,437,85,139,23,19,165,117,0,22,3,109,153,153,1,1
729,529,70,321,32,29,205,145,141,20,3,149,157,838,3,1
836,489,79,52,17,17,130,77,0,22,3,97,156,168,2,1
917,579,74,267,41,38,255,138,210,31,11,146,201,612,6,1
550,313,82,79,14,12,145,100,0,24,4,141,122,182,2,1
533,337,90,33,13,11,135,87,185,18,0,112,151,207,3,1
795,470,76,166,30,24,185,80,114,23,7,131,158,491,2,1
577,366,75,147,20,15,160,99,0,24,11,100,135,260,2,1
794,521,96,14,5,4,70,84,0,11,3,78,78,126,1,1
611,371,77,196,30,29,195,108,182,27,13,135,153,492,1,1
804,571,74,235,50,36,225,198,154,20,6,191,249,722,4,1
823,514,84,64,11,10,130,96,0,18,0,113,102,243,1,1
510,345,90,37,19,12,155,111,53,19,7,117,124,98,2,1
942,684,86,42,7,5,75,77,26,13,2,75,54,96,2,1
845,666,92,22,3,4,65,80,0,13,6,79,46,225,3,1
903,523,84,37,9,6,85,111,0,22,13,83,57,89,2,1
972,687,90,64,7,5,65,62,0,14,3,69,64,113,1,1
567,451,76,120,24,20,155,166,34,22,20,98,80,654,10,1
782,467,83,139,16,16,155,161,87,27,8,132,113,282,1,1
670,402,74,47,26,16,165,148,0,21,4,137,168,329,3,1
726,572,81,46,17,11,120,129,80,18,0,136,83,303,1,1
742,539,83,19,12,9,100,104,0,18,12,78,92,216,6,1
797,630,82,92,16,10,120,145,0,15,10,85,82,163,3,1
726,575,93,438,7,4,65,161,0,11,0,92,41,55,2,1
1202,762,82,46,14,8,115,96,0,19,4,107,69,283,2,1
740,478,76,58,16,13,140,129,77,24,0,98,122,311,1,1
987,693,73,162,30,30,235,115,69,27,8,137,158,426,7,1
1008,610,81,181,21,17,160,120,119,23,0,120,152,437,4,1
596,360,83,88,20,16,165,80,0,24,0,114,118,723,0,1
628,401,63,117,37,26,250,186,42,23,9,154,230,303,3,1
793,481,83,185,22,16,170,79,196,23,0,112,143,76,1,1
1019,659,75,109,24,19,175,115,28,22,4,118,145,128,4,1
531,358,73,140,23,17,190,186,0,24,15,136,158,189,1,1
991,635,82,25,14,9,110,100,0,16,3,100,106,192,1,1
921,624,92,10,3,4,60,72,34,13,6,71,74,326,2,1
1008,604,87,40,11,9,115,97,0,16,0,101,129,129,1,1
808,525,66,220,34,22,235,563,195,22,12,151,214,359,3,1
1069,584,71,213,27,21,140,170,31,27,4,121,175,703,3,1
744,477,66,162,36,27,245,158,254,21,9,176,215,565,1,1
772,490,67,211,44,33,270,128,103,22,3,165,272,882,2,1
567,320,67,226,44,30,290,208,179,26,9,191,286,636,2,1
683,431,67,193,49,39,355,145,172,26,8,173,279,719,2,1
621,404,73,191,28,17,180,124,42,22,7,132,188,661,3,1
817,552,69,319,42,39,320,186,187,28,5,215,262,650,0,1
839,528,74,272,29,28,195,150,281,26,6,191,232,871,4,1
653,457,71,227,32,26,275,174,78,26,7,193,231,291,0,1
869,576,67,91,35,27,230,161,202,24,8,175,264,369,2,1
809,485,75,430,42,36,245,153,394,30,12,192,276,1461,5,1
1019,642,70,363,34,27,265,206,406,21,5,199,238,580,0,1
1031,679,75,166,25,20,225,172,55,24,2,173,187,466,1,1
810,564,83,92,20,15,150,121,0,22,3,133,195,284,0,1
671,446,70,274,34,26,235,156,126,24,3,170,222,373,2,1
542,315,87,77,5,5,40,128,0,12,0,74,57,NA,8,1
533,317,91,79,10,8,65,70,0,17,0,69,51,114,7,1
